{"accuracy": [0.4906308650970459, 0.5349781513214111, 0.6021236777305603, 0.6405371427536011, 0.6792629361152649, 0.7076826691627502, 0.7570268511772156, 0.7776389718055725, 0.787945032119751, 0.8041849136352539, 0.815740168094635, 0.8429107069969177, 0.8301061987876892, 0.8541536331176758, 0.866333544254303, 0.8672704696655273, 0.8822610974311829, 0.8981886506080627, 0.9019362926483154, 0.9113054275512695, 0.896002471446991, 0.8935040831565857, 0.9275453090667725, 0.9028732180595398, 0.921923816204071, 0.9309806227684021, 0.9253591299057007, 0.9278575778007507, 0.9256714582443237, 0.9312929511070251, 0.9306683540344238, 0.9519050717353821], "loss": [1.8002852201461792, 1.6034207344055176, 1.36097252368927, 1.261255145072937, 1.0784064531326294, 1.005251169204712, 0.8391165137290955, 0.7441222667694092, 0.7074712514877319, 0.6657940745353699, 0.6188262104988098, 0.5370697379112244, 0.6000359058380127, 0.5284280776977539, 0.48824843764305115, 0.4832664430141449, 0.4146459400653839, 0.35164210200309753, 0.3442017734050751, 0.29431501030921936, 0.36421647667884827, 0.3709346652030945, 0.26027897000312805, 0.34927499294281006, 0.2642664909362793, 0.24812151491641998, 0.2522355616092682, 0.2893441617488861, 0.27695539593696594, 0.2511816620826721, 0.25367921590805054, 0.16652566194534302], "val_accuracy": [0.7312925457954407, 0.7891156673431396, 0.8299319744110107, 0.8367347121238708, 0.853741466999054, 0.8333333134651184, 0.8741496801376343, 0.8673469424247742, 0.884353756904602, 0.884353756904602, 0.8877550959587097, 0.884353756904602, 0.8911564350128174, 0.9115646481513977, 0.8979591727256775, 0.9285714030265808, 0.918367326259613, 0.9319728016853333, 0.9149659872055054, 0.9319728016853333, 0.9149659872055054, 0.9319728016853333, 0.9149659872055054, 0.9455782175064087, 0.9149659872055054, 0.9455782175064087, 0.9455782175064087, 0.9319728016853333, 0.9455782175064087, 0.9455782175064087, 0.9557822942733765, 0.9455782175064087], "val_loss": [1.0737621784210205, 0.9354771971702576, 0.8968402147293091, 0.701062023639679, 0.7041511535644531, 0.7296584248542786, 0.5907971262931824, 0.5748790502548218, 0.6052194237709045, 0.6051575541496277, 0.600402295589447, 0.6017312407493591, 0.5625069737434387, 0.5426163673400879, 0.5321102142333984, 0.5416529178619385, 0.547928512096405, 0.5270247459411621, 0.57899010181427, 0.45063257217407227, 0.4910695552825928, 0.5361379981040955, 0.5157364010810852, 0.3313717544078827, 0.4694812297821045, 0.41805875301361084, 0.4574999213218689, 0.49732181429862976, 0.5185215473175049, 0.43264004588127136, 0.42018789052963257, 0.538827657699585]}